--------------------------------------------------------
--  File created - Saturday-March-14-2020   
--------------------------------------------------------
--------------------------------------------------------
--  DDL for Table ADMIN_COMPANY
--------------------------------------------------------

  CREATE TABLE "SAREK"."ADMIN_COMPANY" 
   (	"COMPANY_ID" NUMBER(*,0), 
	"NAME" VARCHAR2(50 BYTE), 
	"SHORT_NAME" VARCHAR2(20 BYTE), 
	"ADDRESS" VARCHAR2(200 BYTE), 
	"PHONE" VARCHAR2(20 BYTE), 
	"MOBILE" VARCHAR2(20 BYTE), 
	"EMAIL" VARCHAR2(20 BYTE), 
	"WEBSITE" VARCHAR2(20 BYTE), 
	"COUNTRY" VARCHAR2(20 BYTE), 
	"CONTACT_PERSON" VARCHAR2(50 BYTE)
   ) SEGMENT CREATION IMMEDIATE 
  PCTFREE 10 PCTUSED 40 INITRANS 1 MAXTRANS 255 
 NOCOMPRESS LOGGING
  STORAGE(INITIAL 65536 NEXT 1048576 MINEXTENTS 1 MAXEXTENTS 2147483645
  PCTINCREASE 0 FREELISTS 1 FREELIST GROUPS 1
  BUFFER_POOL DEFAULT FLASH_CACHE DEFAULT CELL_FLASH_CACHE DEFAULT)
  TABLESPACE "USERS" ;
--------------------------------------------------------
--  DDL for Table EMP_RESIGNATION
--------------------------------------------------------

  CREATE TABLE "SAREK"."EMP_RESIGNATION" 
   (	"ID" NUMBER, 
	"EMP_NAME" VARCHAR2(20 BYTE), 
	"PIN" VARCHAR2(20 BYTE), 
	"DESIGNATION" VARCHAR2(20 BYTE), 
	"M_NAME" VARCHAR2(20 BYTE), 
	"F_NAME" VARCHAR2(20 BYTE), 
	"SPOUSE" VARCHAR2(20 BYTE), 
	"PHONE" VARCHAR2(20 BYTE), 
	"SALARY" VARCHAR2(20 BYTE), 
	"DEPT" VARCHAR2(20 BYTE), 
	"BRANCH" VARCHAR2(20 BYTE), 
	"UPAZILA" VARCHAR2(20 BYTE), 
	"DISTRICT" VARCHAR2(20 BYTE), 
	"DIVISION" VARCHAR2(20 BYTE), 
	"JOIN_DATE" DATE, 
	"WORK_STN" VARCHAR2(20 BYTE), 
	"REASON" VARCHAR2(500 BYTE), 
	"SUB_DATE" DATE, 
	"SIGNATURE" VARCHAR2(20 BYTE), 
	"DATES" DATE, 
	"APP_NAME" VARCHAR2(20 BYTE), 
	"APP_DATE" DATE, 
	"APP_PIN" VARCHAR2(20 BYTE), 
	"APP_DESIG" VARCHAR2(20 BYTE)
   ) SEGMENT CREATION IMMEDIATE 
  PCTFREE 10 PCTUSED 40 INITRANS 1 MAXTRANS 255 
 NOCOMPRESS LOGGING
  STORAGE(INITIAL 65536 NEXT 1048576 MINEXTENTS 1 MAXEXTENTS 2147483645
  PCTINCREASE 0 FREELISTS 1 FREELIST GROUPS 1
  BUFFER_POOL DEFAULT FLASH_CACHE DEFAULT CELL_FLASH_CACHE DEFAULT)
  TABLESPACE "USERS" ;
--------------------------------------------------------
--  DDL for Table HR_EMPLOYEE
--------------------------------------------------------

  CREATE TABLE "SAREK"."HR_EMPLOYEE" 
   (	"ID" NUMBER(*,0), 
	"NAME" VARCHAR2(20 BYTE), 
	"FATHER" VARCHAR2(20 BYTE), 
	"NID" VARCHAR2(20 BYTE), 
	"PHONE" VARCHAR2(20 BYTE), 
	"EMAIL" VARCHAR2(20 BYTE), 
	"DESIGNATION" VARCHAR2(20 BYTE), 
	"SALARY" VARCHAR2(20 BYTE), 
	"STATUS" VARCHAR2(20 BYTE), 
	"ADDRESS" VARCHAR2(200 BYTE), 
	"DOB" TIMESTAMP (6), 
	"MOTHER" VARCHAR2(255 CHAR)
   ) SEGMENT CREATION IMMEDIATE 
  PCTFREE 10 PCTUSED 40 INITRANS 1 MAXTRANS 255 
 NOCOMPRESS LOGGING
  STORAGE(INITIAL 65536 NEXT 1048576 MINEXTENTS 1 MAXEXTENTS 2147483645
  PCTINCREASE 0 FREELISTS 1 FREELIST GROUPS 1
  BUFFER_POOL DEFAULT FLASH_CACHE DEFAULT CELL_FLASH_CACHE DEFAULT)
  TABLESPACE "USERS" ;
--------------------------------------------------------
--  DDL for Table INV_CUSTOMER
--------------------------------------------------------

  CREATE TABLE "SAREK"."INV_CUSTOMER" 
   (	"ID" NUMBER(*,0), 
	"NAME" VARCHAR2(20 BYTE), 
	"PHONE" VARCHAR2(20 BYTE), 
	"ADDRESS" VARCHAR2(200 BYTE), 
	"EMAIL" VARCHAR2(20 BYTE), 
	"COUNTRY" VARCHAR2(20 BYTE), 
	"STATUS" VARCHAR2(20 BYTE)
   ) SEGMENT CREATION IMMEDIATE 
  PCTFREE 10 PCTUSED 40 INITRANS 1 MAXTRANS 255 
 NOCOMPRESS LOGGING
  STORAGE(INITIAL 65536 NEXT 1048576 MINEXTENTS 1 MAXEXTENTS 2147483645
  PCTINCREASE 0 FREELISTS 1 FREELIST GROUPS 1
  BUFFER_POOL DEFAULT FLASH_CACHE DEFAULT CELL_FLASH_CACHE DEFAULT)
  TABLESPACE "USERS" ;
--------------------------------------------------------
--  DDL for Table INV_ITEMCATEGORY
--------------------------------------------------------

  CREATE TABLE "SAREK"."INV_ITEMCATEGORY" 
   (	"ID" NUMBER(*,0), 
	"CATEGORY" VARCHAR2(20 BYTE), 
	"DESCRIPTION" VARCHAR2(20 BYTE)
   ) SEGMENT CREATION IMMEDIATE 
  PCTFREE 10 PCTUSED 40 INITRANS 1 MAXTRANS 255 
 NOCOMPRESS LOGGING
  STORAGE(INITIAL 65536 NEXT 1048576 MINEXTENTS 1 MAXEXTENTS 2147483645
  PCTINCREASE 0 FREELISTS 1 FREELIST GROUPS 1
  BUFFER_POOL DEFAULT FLASH_CACHE DEFAULT CELL_FLASH_CACHE DEFAULT)
  TABLESPACE "USERS" ;
--------------------------------------------------------
--  DDL for Table INV_STOCK
--------------------------------------------------------

  CREATE TABLE "SAREK"."INV_STOCK" 
   (	"ID" NUMBER(*,0), 
	"ITEM_NAME" VARCHAR2(20 BYTE), 
	"STOCK_QUANTITY" NUMBER
   ) SEGMENT CREATION IMMEDIATE 
  PCTFREE 10 PCTUSED 40 INITRANS 1 MAXTRANS 255 
 NOCOMPRESS LOGGING
  STORAGE(INITIAL 65536 NEXT 1048576 MINEXTENTS 1 MAXEXTENTS 2147483645
  PCTINCREASE 0 FREELISTS 1 FREELIST GROUPS 1
  BUFFER_POOL DEFAULT FLASH_CACHE DEFAULT CELL_FLASH_CACHE DEFAULT)
  TABLESPACE "USERS" ;
--------------------------------------------------------
--  DDL for Table ITEM_MASTER
--------------------------------------------------------

  CREATE TABLE "SAREK"."ITEM_MASTER" 
   (	"SL_NO" NUMBER(*,0), 
	"ITEM_NAME" VARCHAR2(200 BYTE), 
	"MODEL" VARCHAR2(200 BYTE), 
	"BRAND" VARCHAR2(200 BYTE), 
	"CATEGORY" VARCHAR2(20 BYTE), 
	"DESCRIPTION" VARCHAR2(20 BYTE), 
	"UNIT_PRICE" NUMBER(*,0), 
	"REMARKS" VARCHAR2(500 BYTE), 
	"UPDATE_DATE" DATE, 
	"ADDED_BY" VARCHAR2(50 BYTE), 
	"ADDED_DATE" DATE, 
	"UNIT" VARCHAR2(20 BYTE)
   ) SEGMENT CREATION IMMEDIATE 
  PCTFREE 10 PCTUSED 40 INITRANS 1 MAXTRANS 255 
 NOCOMPRESS LOGGING
  STORAGE(INITIAL 65536 NEXT 1048576 MINEXTENTS 1 MAXEXTENTS 2147483645
  PCTINCREASE 0 FREELISTS 1 FREELIST GROUPS 1
  BUFFER_POOL DEFAULT FLASH_CACHE DEFAULT CELL_FLASH_CACHE DEFAULT)
  TABLESPACE "USERS" ;
--------------------------------------------------------
--  DDL for Table SALES_DAILY
--------------------------------------------------------

  CREATE TABLE "SAREK"."SALES_DAILY" 
   (	"ID" NUMBER(*,0), 
	"ITEM_NAME" VARCHAR2(100 BYTE), 
	"QUANTITY" VARCHAR2(100 BYTE), 
	"PRICE" NUMBER, 
	"SALES_DATE" DATE, 
	"SOLD_BY" VARCHAR2(20 BYTE), 
	"NOTES" VARCHAR2(200 BYTE), 
	"TRN_NO" VARCHAR2(20 BYTE), 
	"CUSTOMER_ID" NUMBER
   ) SEGMENT CREATION IMMEDIATE 
  PCTFREE 10 PCTUSED 40 INITRANS 1 MAXTRANS 255 
 NOCOMPRESS LOGGING
  STORAGE(INITIAL 65536 NEXT 1048576 MINEXTENTS 1 MAXEXTENTS 2147483645
  PCTINCREASE 0 FREELISTS 1 FREELIST GROUPS 1
  BUFFER_POOL DEFAULT FLASH_CACHE DEFAULT CELL_FLASH_CACHE DEFAULT)
  TABLESPACE "USERS" ;
--------------------------------------------------------
--  DDL for Table USERS
--------------------------------------------------------

  CREATE TABLE "SAREK"."USERS" 
   (	"NAME" VARCHAR2(200 BYTE), 
	"PASSWORD" VARCHAR2(200 BYTE), 
	"EMAIL" VARCHAR2(200 BYTE), 
	"ID" NUMBER(*,0), 
	"STATUS" VARCHAR2(8 CHAR), 
	"ROLE" VARCHAR2(20 BYTE)
   ) SEGMENT CREATION IMMEDIATE 
  PCTFREE 10 PCTUSED 40 INITRANS 1 MAXTRANS 255 
 NOCOMPRESS LOGGING
  STORAGE(INITIAL 65536 NEXT 1048576 MINEXTENTS 1 MAXEXTENTS 2147483645
  PCTINCREASE 0 FREELISTS 1 FREELIST GROUPS 1
  BUFFER_POOL DEFAULT FLASH_CACHE DEFAULT CELL_FLASH_CACHE DEFAULT)
  TABLESPACE "USERS" ;
REM INSERTING into SAREK.ADMIN_COMPANY
SET DEFINE OFF;
Insert into SAREK.ADMIN_COMPANY (COMPANY_ID,NAME,SHORT_NAME,ADDRESS,PHONE,MOBILE,EMAIL,WEBSITE,COUNTRY,CONTACT_PERSON) values (2,'Google Inc.',null,'USA','4564132151','748566226','info@gmail.com','www.google.com','USA','Mr. John');
REM INSERTING into SAREK.EMP_RESIGNATION
SET DEFINE OFF;
Insert into SAREK.EMP_RESIGNATION (ID,EMP_NAME,PIN,DESIGNATION,M_NAME,F_NAME,SPOUSE,PHONE,SALARY,DEPT,BRANCH,UPAZILA,DISTRICT,DIVISION,JOIN_DATE,WORK_STN,REASON,SUB_DATE,SIGNATURE,DATES,APP_NAME,APP_DATE,APP_PIN,APP_DESIG) values (1,'Syed Sarek','1312','Software Engr','Bilkis Begum','Syed Wasek','Nasrin','+8801670790485','65000','IT','HO','Dhaka','Dhaka','Dhaka',to_date('04-JUL-18','DD-MON-RR'),'HO','N/A',to_date('04-JUL-18','DD-MON-RR'),'Sarek',to_date('04-JUL-18','DD-MON-RR'),'AA',to_date('04-JUL-18','DD-MON-RR'),'Sarek','Manager');
Insert into SAREK.EMP_RESIGNATION (ID,EMP_NAME,PIN,DESIGNATION,M_NAME,F_NAME,SPOUSE,PHONE,SALARY,DEPT,BRANCH,UPAZILA,DISTRICT,DIVISION,JOIN_DATE,WORK_STN,REASON,SUB_DATE,SIGNATURE,DATES,APP_NAME,APP_DATE,APP_PIN,APP_DESIG) values (2,'Atiq Reza','5000','Manager','Ayesha','Humayun','Sarah','01833167988','90000','HR','Sub','Khulna','Khulna','Khulna',to_date('04-JUL-18','DD-MON-RR'),'Khulna','N/A',to_date('04-JUL-18','DD-MON-RR'),'Atiq',to_date('04-JUL-18','DD-MON-RR'),'Salim',to_date('04-JUL-18','DD-MON-RR'),'Salim','Head');
REM INSERTING into SAREK.HR_EMPLOYEE
SET DEFINE OFF;
Insert into SAREK.HR_EMPLOYEE (ID,NAME,FATHER,NID,PHONE,EMAIL,DESIGNATION,SALARY,STATUS,ADDRESS,DOB,MOTHER) values (2,'Mr. XYZ','Mr. XY',null,'01841297020','hp@uk.com','Executive','20000','Active','UK',to_timestamp('28-JUN-95 12.00.00.000000000 AM','DD-MON-RR HH.MI.SSXFF AM'),null);
Insert into SAREK.HR_EMPLOYEE (ID,NAME,FATHER,NID,PHONE,EMAIL,DESIGNATION,SALARY,STATUS,ADDRESS,DOB,MOTHER) values (3,'Mr. PQ','Mr. XY',null,'01841257448','pqq@gmail.com','Officer','20000','Active','Street Road',to_timestamp('28-JUN-17 12.00.00.000000000 AM','DD-MON-RR HH.MI.SSXFF AM'),null);
Insert into SAREK.HR_EMPLOYEE (ID,NAME,FATHER,NID,PHONE,EMAIL,DESIGNATION,SALARY,STATUS,ADDRESS,DOB,MOTHER) values (4,'Mr. MNGA','Mr. XYPP',null,'0171111458','vrsd@uk.com','Officer','22000','Active','Street Road',to_timestamp('01-JUL-17 12.00.00.000000000 AM','DD-MON-RR HH.MI.SSXFF AM'),null);
Insert into SAREK.HR_EMPLOYEE (ID,NAME,FATHER,NID,PHONE,EMAIL,DESIGNATION,SALARY,STATUS,ADDRESS,DOB,MOTHER) values (1,'Mr. ABC','Mr. XY',null,'017111112244','ss@gmail.com','Staff','20000','Active','Dhaka',to_timestamp('30-MAY-17 12.00.00.000000000 AM','DD-MON-RR HH.MI.SSXFF AM'),null);
REM INSERTING into SAREK.INV_CUSTOMER
SET DEFINE OFF;
Insert into SAREK.INV_CUSTOMER (ID,NAME,PHONE,ADDRESS,EMAIL,COUNTRY,STATUS) values (1,'Mr. ABC','87955412','Street Road','ss@gmail.com','Bangladesh','Regular');
Insert into SAREK.INV_CUSTOMER (ID,NAME,PHONE,ADDRESS,EMAIL,COUNTRY,STATUS) values (2,'Mr. Yusuf','01687554224','Hill Road, Ilford','hp@uk.com','UK','Regular');
REM INSERTING into SAREK.INV_ITEMCATEGORY
SET DEFINE OFF;
Insert into SAREK.INV_ITEMCATEGORY (ID,CATEGORY,DESCRIPTION) values (1,'General',null);
Insert into SAREK.INV_ITEMCATEGORY (ID,CATEGORY,DESCRIPTION) values (2,'Chemical',null);
Insert into SAREK.INV_ITEMCATEGORY (ID,CATEGORY,DESCRIPTION) values (3,'Machinery',null);
Insert into SAREK.INV_ITEMCATEGORY (ID,CATEGORY,DESCRIPTION) values (4,'Accessories',null);
Insert into SAREK.INV_ITEMCATEGORY (ID,CATEGORY,DESCRIPTION) values (5,'IT',null);
Insert into SAREK.INV_ITEMCATEGORY (ID,CATEGORY,DESCRIPTION) values (6,'Stationary ',null);
Insert into SAREK.INV_ITEMCATEGORY (ID,CATEGORY,DESCRIPTION) values (7,'Others',null);
Insert into SAREK.INV_ITEMCATEGORY (ID,CATEGORY,DESCRIPTION) values (8,'Spare Parts',null);
REM INSERTING into SAREK.INV_STOCK
SET DEFINE OFF;
Insert into SAREK.INV_STOCK (ID,ITEM_NAME,STOCK_QUANTITY) values (2,'Laptop',3567);
Insert into SAREK.INV_STOCK (ID,ITEM_NAME,STOCK_QUANTITY) values (3,'Pen',2488);
REM INSERTING into SAREK.ITEM_MASTER
SET DEFINE OFF;
Insert into SAREK.ITEM_MASTER (SL_NO,ITEM_NAME,MODEL,BRAND,CATEGORY,DESCRIPTION,UNIT_PRICE,REMARKS,UPDATE_DATE,ADDED_BY,ADDED_DATE,UNIT) values (3,'Laptop','E series','Sony','IT',null,20000,null,null,'sarek@swifter.com',to_date('04-JUN-17','DD-MON-RR'),'PCs');
Insert into SAREK.ITEM_MASTER (SL_NO,ITEM_NAME,MODEL,BRAND,CATEGORY,DESCRIPTION,UNIT_PRICE,REMARKS,UPDATE_DATE,ADDED_BY,ADDED_DATE,UNIT) values (2,'Pen',null,null,'Stationary',null,null,'Test',null,'sarek.bd@gmail.com',to_date('15-MAY-17','DD-MON-RR'),'Dozen');
REM INSERTING into SAREK.SALES_DAILY
SET DEFINE OFF;
Insert into SAREK.SALES_DAILY (ID,ITEM_NAME,QUANTITY,PRICE,SALES_DATE,SOLD_BY,NOTES,TRN_NO,CUSTOMER_ID) values (1,'Pen','10',50,to_date('30-NOV-17','DD-MON-RR'),'Syed Sarek','Test','Pen-301117-1',1);
Insert into SAREK.SALES_DAILY (ID,ITEM_NAME,QUANTITY,PRICE,SALES_DATE,SOLD_BY,NOTES,TRN_NO,CUSTOMER_ID) values (2,'Pen, Laptop','12, 2',50000,to_date('04-JUL-18','DD-MON-RR'),'Syed Sarek',null,'040718-2',2);
Insert into SAREK.SALES_DAILY (ID,ITEM_NAME,QUANTITY,PRICE,SALES_DATE,SOLD_BY,NOTES,TRN_NO,CUSTOMER_ID) values (6,'Pen','1',12,to_date('12-MAR-20','DD-MON-RR'),'Syed Sarek',null,'SLS-120320-6',1);
Insert into SAREK.SALES_DAILY (ID,ITEM_NAME,QUANTITY,PRICE,SALES_DATE,SOLD_BY,NOTES,TRN_NO,CUSTOMER_ID) values (7,'Laptop','1',20000,to_date('12-MAR-20','DD-MON-RR'),'Syed Sarek',null,'SLS-120320-7',1);
Insert into SAREK.SALES_DAILY (ID,ITEM_NAME,QUANTITY,PRICE,SALES_DATE,SOLD_BY,NOTES,TRN_NO,CUSTOMER_ID) values (8,'Pen','1',12,to_date('14-MAR-20','DD-MON-RR'),'Syed Sarek',null,'SLS-140320-8',2);
Insert into SAREK.SALES_DAILY (ID,ITEM_NAME,QUANTITY,PRICE,SALES_DATE,SOLD_BY,NOTES,TRN_NO,CUSTOMER_ID) values (9,'Laptop','1',20000,to_date('14-MAR-20','DD-MON-RR'),'Syed Sarek',null,'SLS-140320-9',1);
Insert into SAREK.SALES_DAILY (ID,ITEM_NAME,QUANTITY,PRICE,SALES_DATE,SOLD_BY,NOTES,TRN_NO,CUSTOMER_ID) values (10,'Pen, Laptop','5, 1',21500,to_date('14-MAR-20','DD-MON-RR'),'Syed Sarek',null,'SLS-140320-10',1);
Insert into SAREK.SALES_DAILY (ID,ITEM_NAME,QUANTITY,PRICE,SALES_DATE,SOLD_BY,NOTES,TRN_NO,CUSTOMER_ID) values (3,'Pen','10',150,to_date('03-DEC-19','DD-MON-RR'),'Syed Sarek','N/A','SLS-031219-3',2);
Insert into SAREK.SALES_DAILY (ID,ITEM_NAME,QUANTITY,PRICE,SALES_DATE,SOLD_BY,NOTES,TRN_NO,CUSTOMER_ID) values (4,'Pen, Laptop','3, 2',5000,to_date('03-DEC-19','DD-MON-RR'),'sarek@swifter.com','N/A','SLS-031219-4',2);
Insert into SAREK.SALES_DAILY (ID,ITEM_NAME,QUANTITY,PRICE,SALES_DATE,SOLD_BY,NOTES,TRN_NO,CUSTOMER_ID) values (5,'Pen, Laptop','4, 4',20000,to_date('03-DEC-19','DD-MON-RR'),'sarek@swifter.com','AA','SLS-031219-5',1);
REM INSERTING into SAREK.USERS
SET DEFINE OFF;
Insert into SAREK.USERS (NAME,PASSWORD,EMAIL,ID,STATUS,ROLE) values ('Super Admin','1234','super.admin@swifter.com',2,'Inactive','Super Admin');
Insert into SAREK.USERS (NAME,PASSWORD,EMAIL,ID,STATUS,ROLE) values ('Test User','1234','user@swifter.com',3,'Active','User');
Insert into SAREK.USERS (NAME,PASSWORD,EMAIL,ID,STATUS,ROLE) values ('Syed Sarek','1234','sarek@swifter.com',1,'Active','Super Admin');
Insert into SAREK.USERS (NAME,PASSWORD,EMAIL,ID,STATUS,ROLE) values ('Admin','1234','admin@swifter.com',5,'Active','Admin');
--------------------------------------------------------
--  DDL for Index ADMIN_COMPANY_PK
--------------------------------------------------------

  CREATE UNIQUE INDEX "SAREK"."ADMIN_COMPANY_PK" ON "SAREK"."ADMIN_COMPANY" ("COMPANY_ID") 
  PCTFREE 10 INITRANS 2 MAXTRANS 255 COMPUTE STATISTICS 
  STORAGE(INITIAL 65536 NEXT 1048576 MINEXTENTS 1 MAXEXTENTS 2147483645
  PCTINCREASE 0 FREELISTS 1 FREELIST GROUPS 1
  BUFFER_POOL DEFAULT FLASH_CACHE DEFAULT CELL_FLASH_CACHE DEFAULT)
  TABLESPACE "USERS" ;
--------------------------------------------------------
--  DDL for Trigger TRG_ID
--------------------------------------------------------

  CREATE OR REPLACE TRIGGER "SAREK"."TRG_ID" 
      before insert on USERS
      for each row
    begin
      select id_seq.nextval
        into :new.id
       from dual;
 end;

/
ALTER TRIGGER "SAREK"."TRG_ID" ENABLE;
--------------------------------------------------------
--  DDL for Trigger USERS_TRG
--------------------------------------------------------

  CREATE OR REPLACE TRIGGER "SAREK"."USERS_TRG" 
BEFORE INSERT ON USERS 
FOR EACH ROW 
BEGIN
  <<COLUMN_SEQUENCES>>
  BEGIN
    NULL;
  END COLUMN_SEQUENCES;
END;

/
ALTER TRIGGER "SAREK"."USERS_TRG" ENABLE;
--------------------------------------------------------
--  DDL for Trigger USERS_TRG1
--------------------------------------------------------

  CREATE OR REPLACE TRIGGER "SAREK"."USERS_TRG1" 
BEFORE INSERT ON USERS 
FOR EACH ROW 
BEGIN
  <<COLUMN_SEQUENCES>>
  BEGIN
    NULL;
  END COLUMN_SEQUENCES;
END;

/
ALTER TRIGGER "SAREK"."USERS_TRG1" ENABLE;
--------------------------------------------------------
--  DDL for Trigger USERS_TRG2
--------------------------------------------------------

  CREATE OR REPLACE TRIGGER "SAREK"."USERS_TRG2" 
BEFORE INSERT ON USERS 
FOR EACH ROW 
BEGIN
  <<COLUMN_SEQUENCES>>
  BEGIN
    NULL;
  END COLUMN_SEQUENCES;
END;

/
ALTER TRIGGER "SAREK"."USERS_TRG2" ENABLE;
--------------------------------------------------------
--  Constraints for Table HR_EMPLOYEE
--------------------------------------------------------

  ALTER TABLE "SAREK"."HR_EMPLOYEE" MODIFY ("DOB" NOT NULL ENABLE);
--------------------------------------------------------
--  Constraints for Table ADMIN_COMPANY
--------------------------------------------------------

  ALTER TABLE "SAREK"."ADMIN_COMPANY" ADD CONSTRAINT "ADMIN_COMPANY_PK" PRIMARY KEY ("COMPANY_ID")
  USING INDEX PCTFREE 10 INITRANS 2 MAXTRANS 255 COMPUTE STATISTICS 
  STORAGE(INITIAL 65536 NEXT 1048576 MINEXTENTS 1 MAXEXTENTS 2147483645
  PCTINCREASE 0 FREELISTS 1 FREELIST GROUPS 1
  BUFFER_POOL DEFAULT FLASH_CACHE DEFAULT CELL_FLASH_CACHE DEFAULT)
  TABLESPACE "USERS"  ENABLE;
  ALTER TABLE "SAREK"."ADMIN_COMPANY" MODIFY ("COMPANY_ID" NOT NULL ENABLE);
